{
  "Apple": {
    "Moving Average": [
      133,
      101,
      106,
      112,
      117,
      122,
      138
    ],
    "Linear Regression": [
      109,
      109,
      109,
      109,
      109,
      109,
      109
    ],
    "Time Series": [
      115,
      105,
      105,
      101,
      102,
      93,
      115
    ],
    "XGBoost": [
      110,
      107,
      105,
      108,
      110,
      110,
      111
    ],
    "XGBoost Metrics": {
      "MAE": 5.893523216247559,
      "RMSE": 7.407043672037627,
      "R2": 0.7997539043426514
    },
    "Top Features": [
      [
        "ema_3",
        0.33801233768463135
      ],
      [
        "rolling_min_7",
        0.1793663203716278
      ],
      [
        "pct_change_1",
        0.15599852800369263
      ],
      [
        "diff_1",
        0.0966990515589714
      ],
      [
        "ema_7",
        0.05688094720244408
      ],
      [
        "day_of_week",
        0.054424915462732315
      ],
      [
        "rolling_mean_3",
        0.029436608776450157
      ],
      [
        "rolling_std_7",
        0.015253867022693157
      ],
      [
        "lag_7",
        0.014740202575922012
      ],
      [
        "lag_1",
        0.011827344074845314
      ]
    ]
  },
  "Banana": {
    "Moving Average": [
      75,
      57,
      60,
      63,
      66,
      69,
      78
    ],
    "Linear Regression": [
      72,
      72,
      72,
      72,
      72,
      72,
      72
    ],
    "Time Series": [
      67,
      55,
      61,
      69,
      58,
      46,
      67
    ],
    "XGBoost": [
      74,
      72,
      73,
      73,
      72,
      71,
      74
    ],
    "XGBoost Metrics": {
      "MAE": 2.4944517612457275,
      "RMSE": 3.2822480636568887,
      "R2": 0.8522881865501404
    },
    "Top Features": [
      [
        "diff_1",
        0.27485576272010803
      ],
      [
        "ema_3",
        0.2646273076534271
      ],
      [
        "dow_mean_encoded",
        0.1302817463874817
      ],
      [
        "pct_change_1",
        0.08414187282323837
      ],
      [
        "diff_7",
        0.07847767323255539
      ],
      [
        "lag_7",
        0.03492693975567818
      ],
      [
        "pct_change_7",
        0.022291751578450203
      ],
      [
        "lag_2",
        0.017837822437286377
      ],
      [
        "day_of_week",
        0.014486427418887615
      ],
      [
        "rolling_mean_3",
        0.012996167875826359
      ]
    ]
  },
  "Tomato": {
    "Moving Average": [
      54,
      41,
      43,
      45,
      47,
      50,
      56
    ],
    "Linear Regression": [
      46,
      46,
      46,
      46,
      46,
      46,
      46
    ],
    "Time Series": [
      42,
      34,
      53,
      51,
      45,
      30,
      40
    ],
    "XGBoost": [
      41,
      41,
      42,
      42,
      42,
      41,
      41
    ],
    "XGBoost Metrics": {
      "MAE": 4.753509521484375,
      "RMSE": 6.070893445194075,
      "R2": 0.8388131856918335
    },
    "Top Features": [
      [
        "ema_3",
        0.5185253620147705
      ],
      [
        "pct_change_1",
        0.1290675550699234
      ],
      [
        "diff_1",
        0.08010796457529068
      ],
      [
        "ema_7",
        0.0778929814696312
      ],
      [
        "dow_mean_encoded",
        0.05340784415602684
      ],
      [
        "lag_2",
        0.02217581309378147
      ],
      [
        "rolling_std_7",
        0.01809266395866871
      ],
      [
        "rolling_mean_3",
        0.01465261448174715
      ],
      [
        "lag_7",
        0.013458303175866604
      ],
      [
        "lag_14",
        0.01277147512882948
      ]
    ]
  },
  "Potato": {
    "Moving Average": [
      97,
      73,
      77,
      81,
      85,
      89,
      100
    ],
    "Linear Regression": [
      79,
      79,
      79,
      79,
      79,
      79,
      79
    ],
    "Time Series": [
      84,
      74,
      74,
      79,
      77,
      72,
      87
    ],
    "XGBoost": [
      82,
      81,
      81,
      80,
      81,
      81,
      81
    ],
    "XGBoost Metrics": {
      "MAE": 3.1192240715026855,
      "RMSE": 3.8319481268061555,
      "R2": 0.7861132621765137
    },
    "Top Features": [
      [
        "ema_3",
        0.5355778336524963
      ],
      [
        "pct_change_1",
        0.14010781049728394
      ],
      [
        "diff_1",
        0.07288932055234909
      ],
      [
        "diff_7",
        0.06943374127149582
      ],
      [
        "ema_7",
        0.0645485669374466
      ],
      [
        "pct_change_7",
        0.03487234190106392
      ],
      [
        "rolling_mean_14",
        0.014477299526333809
      ],
      [
        "rolling_mean_3",
        0.013751822523772717
      ],
      [
        "day_of_week",
        0.01256034430116415
      ],
      [
        "lag_3",
        0.006332726683467627
      ]
    ]
  },
  "Spinach": {
    "Moving Average": [
      41,
      31,
      33,
      34,
      36,
      38,
      43
    ],
    "Linear Regression": [
      27,
      27,
      27,
      27,
      27,
      27,
      27
    ],
    "Time Series": [
      26,
      27,
      45,
      43,
      44,
      20,
      21
    ],
    "XGBoost": [
      30,
      31,
      30,
      30,
      30,
      29,
      29
    ],
    "XGBoost Metrics": {
      "MAE": 4.208456516265869,
      "RMSE": 6.160407042493151,
      "R2": 0.8408961296081543
    },
    "Top Features": [
      [
        "ema_3",
        0.5294516086578369
      ],
      [
        "diff_1",
        0.10040407627820969
      ],
      [
        "dow_mean_encoded",
        0.06474412232637405
      ],
      [
        "rolling_mean_3",
        0.05508795380592346
      ],
      [
        "week_sin",
        0.04353335127234459
      ],
      [
        "pct_change_7",
        0.04114481434226036
      ],
      [
        "diff_7",
        0.0315689779818058
      ],
      [
        "pct_change_1",
        0.029988761991262436
      ],
      [
        "rolling_mean_14",
        0.0202844999730587
      ],
      [
        "day_sin",
        0.013965314254164696
      ]
    ]
  }
}